thisN,thisTrialN,thisRepN,key_resp.keys,key_resp.corr,tilt,key_resp.rt,,,,,,,,
0,0,0,up,1,0,0.685001,,,,,,,,
1,0,1,up,0,1,0.4557187,,,,Response Down,Response Up,,,
2,0,2,up,0,2,0.3935903,,,Signal P,Hit - 36,Miss - 11,,Hit Rate ,hit/hit+miss
3,0,3,down,1,-5,0.5025181,,,Signal A,False Alarm - 41,Correct Rejection - 12,,,0.765957447
4,0,4,down,1,-4,0.3698997,,,,,,,False Alarm Rate ,FA/FA+CR
5,0,5,down,1,-4,0.382837,,,,,,,,0.773584906
6,0,6,down,0,0,0.4194185,,,,,,,,
7,0,7,down,0,0,0.4776738,,,,,,,d-prime,z(HR) - z(FAR)
8,0,8,down,1,-4,0.3654043,,,,,,,,-0.025106811
9,0,9,down,0,0,0.6007545,,,,,,,,
10,0,10,down,1,1,0.3788782,,,,,,,Criterion,z(HR) + z(FAR) / 2
11,0,11,down,1,1,0.4096552,,,,,,,,0.738151636
12,0,12,up,0,3,1.3809087,,,,,,,,
13,0,13,down,1,4,0.77866,,,,,,,,
14,0,14,down,0,0,0.4803088,,,,,,,,
15,0,15,down,0,0,0.3974398,,,,,,,,
16,0,16,down,1,-4,0.3691478,,,,,,,,
17,0,17,down,0,0,0.3332151,,,,,,,,
18,0,18,down,0,0,0.326059,,,,,,,,
19,0,19,down,0,0,0.3453181,,,,,,,,
20,0,20,down,0,0,0.3020837,,,,,,,,
21,0,21,down,1,-2,0.4278202,,,,,,,,
22,0,22,down,0,0,0.3267246,,,,,,,,
23,0,23,down,0,0,0.3353513,,,,,,,,
24,0,24,down,1,-4,0.4942969,,,,,,,,
25,0,25,down,0,0,0.5404908,,,,,,,,
26,0,26,down,0,0,0.4001034,,,,,,,,
27,0,27,down,0,0,0.6059898,,,,,,,,
28,0,28,down,0,0,0.3760273,,,,,,,,
29,0,29,down,1,-2,0.4090099,,,,,,,,
30,0,30,down,1,2,0.4729266,,,,,,,,
31,0,31,down,0,0,0.5947281,,,,,,,,
32,0,32,down,1,4,0.7327594,,,,,,,,
33,0,33,up,0,3,0.7003858,,,,,,,,
34,0,34,up,1,0,0.5426795,,,,,,,,
35,0,35,up,0,4,0.3691502,,,,,,,,
36,0,36,down,1,-2,0.5430729,,,,,,,,
37,0,37,down,1,4,0.5520024,,,,,,,,
38,0,38,down,1,-2,0.4262811,,,,,,,,
39,0,39,down,0,0,0.3907337,,,,,,,,
40,0,40,down,1,-2,0.3891405,,,,,,,,
41,0,41,down,0,0,0.3967089,,,,,,,,
42,0,42,up,0,2,0.7175327,,,,,,,,
43,0,43,up,1,0,0.3924655,,,,,,,,
44,0,44,up,1,0,0.4339258,,,,,,,,
45,0,45,down,0,0,0.5025046,,,,,,,,
46,0,46,down,1,4,0.455722,,,,,,,,
47,0,47,down,0,0,0.4800314,,,,,,,,
48,0,48,down,0,0,0.3816174,,,,,,,,
49,0,49,down,0,0,0.4215426,,,,,,,,
50,0,50,down,0,0,0.385292,,,,,,,,
51,0,51,down,1,4,0.3618993,,,,,,,,
52,0,52,down,0,0,0.3359097,,,,,,,,
53,0,53,down,0,0,0.3599855,,,,,,,,
54,0,54,down,0,0,0.5189309,,,,,,,,
55,0,55,down,1,1,0.4230669,,,,,,,,
56,0,56,down,1,1,0.4181484,,,,,,,,
57,0,57,down,0,0,0.4061937,,,,,,,,
58,0,58,up,0,-3,0.751516,,,,,,,,
59,0,59,up,1,0,0.4527194,,,,,,,,
60,0,60,up,1,0,0.4610822,,,,,,,,
61,0,61,down,1,-5,0.6378111,,,,,,,,
62,0,62,down,1,-5,0.5584201,,,,,,,,
63,0,63,down,0,0,0.5638403,,,,,,,,
64,0,64,up,1,0,0.5377273,,,,,,,,
65,0,65,up,1,0,0.5331858,,,,,,,,
66,0,66,up,0,-3,0.4337705,,,,,,,,
67,0,67,up,1,0,0.5694249,,,,,,,,
68,0,68,down,0,0,0.7047865,,,,,,,,
69,0,69,down,1,3,0.4960831,,,,,,,,
70,0,70,down,0,0,0.5300282,,,,,,,,
71,0,71,down,0,0,0.3870834,,,,,,,,
72,0,72,down,1,1,0.6312031,,,,,,,,
73,0,73,down,1,-2,0.4762989,,,,,,,,
74,0,74,down,0,0,0.446613,,,,,,,,
75,0,75,down,0,0,0.540755,,,,,,,,
76,0,76,down,0,0,0.5353763,,,,,,,,
77,0,77,down,1,-2,0.4769495,,,,,,,,
78,0,78,down,0,0,0.3631102,,,,,,,,
79,0,79,down,1,1,0.363052,,,,,,,,
80,0,80,up,0,2,0.5675806,,,,,,,,
81,0,81,down,1,-4,0.5550207,,,,,,,,
82,0,82,down,0,0,0.4196172,,,,,,,,
83,0,83,down,0,0,0.4568637,,,,,,,,
84,0,84,down,1,-2,0.3557095,,,,,,,,
85,0,85,down,1,2,0.3505644,,,,,,,,
86,0,86,down,0,0,0.4174483,,,,,,,,
87,0,87,down,0,0,0.3140793,,,,,,,,
88,0,88,down,1,4,0.3888655,,,,,,,,
89,0,89,down,1,-3,0.5817083,,,,,,,,
90,0,90,down,1,-2,1.5288633,,,,,,,,
91,0,91,up,1,0,0.705322,,,,,,,,
92,0,92,up,0,-3,0.4463139,,,,,,,,
93,0,93,down,1,3,0.5391918,,,,,,,,
94,0,94,up,1,0,0.8081302,,,,,,,,
95,0,95,down,0,0,0.4019588,,,,,,,,
96,0,96,up,0,-4,0.4975024,,,,,,,,
97,0,97,up,1,0,0.5024772,,,,,,,,
98,0,98,down,0,0,0.4054695,,,,,,,,
99,0,99,down,1,4,0.4769938,,,,,,,,
