thisN,thisTrialN,thisRepN,key_resp.keys,key_resp.corr,key_resp.rt,key_resp.duration,tilt,trials.thisRepN,trials.thisTrialN,trials.thisN,trials.thisIndex,thisRow.t,notes,piloting,instructions.started,text.started,key_resp_2.started,instructions.stopped,key_resp_2.keys,key_resp_2.rt,key_resp_2.duration,trial.started,fixation.started,key_resp.started,fixation.stopped,trial.stopped,trials.key_resp.keys,trials.key_resp.corr,trials.key_resp.rt,trials.key_resp.duration,trials.tilt,thanks.started,text_2.started,key_resp_3.started,thanks.stopped,key_resp_3.keys,key_resp_3.rt,key_resp_3.duration,participant,session,date,expName,expVersion,psychopyVersion,frameRate,expStart
,,,,,,,,,,,,,,FALSE,0.0123694,0.0159742,0.0159742,3.9124752,space,3.7933409,None,,,,,,,,,,,,,,,,,,participant1,1,2026-09-28_16h23.20.461,Orientation Discrimination Task,,2026.2.3,59.94668342,2026-09-28 16h23.20.709668 +0530
0,0,0,up,1,0.685001,None,0,0,0,0,0,3.9216993,,,,,,,,,,3.9130388,3.9216993,4.9157912,4.9322684,5.6165434,up,1,0.685001,None,0,,,,,,,,participant1,1,2026-09-28_16h23.20.461,Orientation Discrimination Task,,2026.2.3,59.94668342,2026-09-28 16h23.20.709668 +0530
1,0,1,up,0,0.4557187,None,1,1,0,1,0,5.6323173,,,,,,,,,,5.6172419,5.6323173,6.6320118,6.6320118,7.0995792,up,0,0.4557187,None,1,,,,,,,,participant1,1,2026-09-28_16h23.20.461,Orientation Discrimination Task,,2026.2.3,59.94668342,2026-09-28 16h23.20.709668 +0530
2,0,2,up,0,0.3935903,None,2,2,0,2,0,7.1156251,,,,,,,,,,7.1000738,7.1156251,8.1153645,8.1153645,8.5161057,up,0,0.3935903,None,2,,,,,,,,participant1,1,2026-09-28_16h23.20.461,Orientation Discrimination Task,,2026.2.3,59.94668342,2026-09-28 16h23.20.709668 +0530
3,0,3,down,1,0.5025181,None,-5,3,0,3,0,8.5318677,,,,,,,,,,8.5165787,8.5318677,9.5153373,9.5318969,10.0325542,down,1,0.5025181,None,-5,,,,,,,,participant1,1,2026-09-28_16h23.20.461,Orientation Discrimination Task,,2026.2.3,59.94668342,2026-09-28 16h23.20.709668 +0530
4,0,4,down,1,0.3698997,None,-4,4,0,4,0,10.0485067,,,,,,,,,,10.0329767,10.0485067,11.0317836,11.0481831,11.4157513,down,1,0.3698997,None,-4,,,,,,,,participant1,1,2026-09-28_16h23.20.461,Orientation Discrimination Task,,2026.2.3,59.94668342,2026-09-28 16h23.20.709668 +0530
5,0,5,down,1,0.382837,None,-4,5,0,5,0,11.4317318,,,,,,,,,,11.4161749,11.4317318,12.4311224,12.4311224,12.8147426,down,1,0.382837,None,-4,,,,,,,,participant1,1,2026-09-28_16h23.20.461,Orientation Discrimination Task,,2026.2.3,59.94668342,2026-09-28 16h23.20.709668 +0530
6,0,6,down,0,0.4194185,None,0,6,0,6,0,12.8310564,,,,,,,,,,12.814946,12.8310564,13.8147201,13.8313107,14.2485266,down,0,0.4194185,None,0,,,,,,,,participant1,1,2026-09-28_16h23.20.461,Orientation Discrimination Task,,2026.2.3,59.94668342,2026-09-28 16h23.20.709668 +0530
7,0,7,down,0,0.4776738,None,0,7,0,7,0,14.2646995,,,,,,,,,,14.2489313,14.2646995,15.247903,15.2645092,15.7317834,down,0,0.4776738,None,0,,,,,,,,participant1,1,2026-09-28_16h23.20.461,Orientation Discrimination Task,,2026.2.3,59.94668342,2026-09-28 16h23.20.709668 +0530
8,0,8,down,1,0.3654043,None,-4,8,0,8,0,15.7478213,,,,,,,,,,15.7323171,15.7478213,16.7473948,16.7473948,17.1148682,down,1,0.3654043,None,-4,,,,,,,,participant1,1,2026-09-28_16h23.20.461,Orientation Discrimination Task,,2026.2.3,59.94668342,2026-09-28 16h23.20.709668 +0530
9,0,9,down,0,0.6007545,None,0,9,0,9,0,17.1306543,,,,,,,,,,17.1152551,17.1306543,18.1142562,18.1307775,18.7314492,down,0,0.6007545,None,0,,,,,,,,participant1,1,2026-09-28_16h23.20.461,Orientation Discrimination Task,,2026.2.3,59.94668342,2026-09-28 16h23.20.709668 +0530
10,0,10,down,1,0.3788782,None,1,10,0,10,0,18.7472319,,,,,,,,,,18.7319561,18.7472319,19.7472015,19.7472015,20.131021,down,1,0.3788782,None,1,,,,,,,,participant1,1,2026-09-28_16h23.20.461,Orientation Discrimination Task,,2026.2.3,59.94668342,2026-09-28 16h23.20.709668 +0530
11,0,11,down,1,0.4096552,None,1,11,0,11,0,20.147242,,,,,,,,,,20.1314606,20.147242,21.1304017,21.1470139,21.547512,down,1,0.4096552,None,1,,,,,,,,participant1,1,2026-09-28_16h23.20.461,Orientation Discrimination Task,,2026.2.3,59.94668342,2026-09-28 16h23.20.709668 +0530
12,0,12,up,0,1.3809087,None,3,12,0,12,0,21.5637469,,,,,,,,,,21.5479752,21.5637469,22.5468645,22.5635084,23.9307013,up,0,1.3809087,None,3,,,,,,,,participant1,1,2026-09-28_16h23.20.461,Orientation Discrimination Task,,2026.2.3,59.94668342,2026-09-28 16h23.20.709668 +0530
13,0,13,down,1,0.77866,None,4,13,0,13,0,23.9467137,,,,,,,,,,23.9311826,23.9467137,24.9465156,24.9465156,25.7304055,down,1,0.77866,None,4,,,,,,,,participant1,1,2026-09-28_16h23.20.461,Orientation Discrimination Task,,2026.2.3,59.94668342,2026-09-28 16h23.20.709668 +0530
14,0,14,down,0,0.4803088,None,0,14,0,14,0,25.7465609,,,,,,,,,,25.7307865,25.7465609,26.7294989,26.7460559,27.2137573,down,0,0.4803088,None,0,,,,,,,,participant1,1,2026-09-28_16h23.20.461,Orientation Discrimination Task,,2026.2.3,59.94668342,2026-09-28 16h23.20.709668 +0530
15,0,15,down,0,0.3974398,None,0,15,0,15,0,27.2295811,,,,,,,,,,27.2141781,27.2295811,28.2293893,28.2293893,28.6299464,down,0,0.3974398,None,0,,,,,,,,participant1,1,2026-09-28_16h23.20.461,Orientation Discrimination Task,,2026.2.3,59.94668342,2026-09-28 16h23.20.709668 +0530
16,0,16,down,1,0.3691478,None,-4,16,0,16,0,28.6460638,,,,,,,,,,28.630374,28.6460638,29.6292893,29.6458994,30.0135081,down,1,0.3691478,None,-4,,,,,,,,participant1,1,2026-09-28_16h23.20.461,Orientation Discrimination Task,,2026.2.3,59.94668342,2026-09-28 16h23.20.709668 +0530
17,0,17,down,0,0.3332151,None,0,17,0,17,0,30.0291169,,,,,,,,,,30.0138911,30.0291169,31.0289811,31.0289811,31.3790496,down,0,0.3332151,None,0,,,,,,,,participant1,1,2026-09-28_16h23.20.461,Orientation Discrimination Task,,2026.2.3,59.94668342,2026-09-28 16h23.20.709668 +0530
18,0,18,down,0,0.326059,None,0,18,0,18,0,31.3956069,,,,,,,,,,31.3792857,31.3956069,32.3783931,32.3954021,32.7127911,down,0,0.326059,None,0,,,,,,,,participant1,1,2026-09-28_16h23.20.461,Orientation Discrimination Task,,2026.2.3,59.94668342,2026-09-28 16h23.20.709668 +0530
19,0,19,down,0,0.3453181,None,0,19,0,19,0,32.7288529,,,,,,,,,,32.7131748,32.7288529,33.7118324,33.7287987,34.0625322,down,0,0.3453181,None,0,,,,,,,,participant1,1,2026-09-28_16h23.20.461,Orientation Discrimination Task,,2026.2.3,59.94668342,2026-09-28 16h23.20.709668 +0530
20,0,20,down,0,0.3020837,None,0,20,0,20,0,34.0786798,,,,,,,,,,34.0629152,34.0786798,35.0619138,35.0785994,35.3791169,down,0,0.3020837,None,0,,,,,,,,participant1,1,2026-09-28_16h23.20.461,Orientation Discrimination Task,,2026.2.3,59.94668342,2026-09-28 16h23.20.709668 +0530
21,0,21,down,1,0.4278202,None,-2,21,0,21,0,35.3952965,,,,,,,,,,35.379538,35.3952965,36.3783747,36.3950056,36.8123014,down,1,0.4278202,None,-2,,,,,,,,participant1,1,2026-09-28_16h23.20.461,Orientation Discrimination Task,,2026.2.3,59.94668342,2026-09-28 16h23.20.709668 +0530
22,0,22,down,0,0.3267246,None,0,22,0,22,0,36.8283975,,,,,,,,,,36.8127099,36.8283975,37.8277713,37.8277713,38.1622226,down,0,0.3267246,None,0,,,,,,,,participant1,1,2026-09-28_16h23.20.461,Orientation Discrimination Task,,2026.2.3,59.94668342,2026-09-28 16h23.20.709668 +0530
23,0,23,down,0,0.3353513,None,0,23,0,23,0,38.1781511,,,,,,,,,,38.1626669,38.1781511,39.1781204,39.1781204,39.5290024,down,0,0.3353513,None,0,,,,,,,,participant1,1,2026-09-28_16h23.20.461,Orientation Discrimination Task,,2026.2.3,59.94668342,2026-09-28 16h23.20.709668 +0530
24,0,24,down,1,0.4942969,None,-4,24,0,24,0,39.5445151,,,,,,,,,,39.5296639,39.5445151,40.5443607,40.5443607,41.0452093,down,1,0.4942969,None,-4,,,,,,,,participant1,1,2026-09-28_16h23.20.461,Orientation Discrimination Task,,2026.2.3,59.94668342,2026-09-28 16h23.20.709668 +0530
25,0,25,down,0,0.5404908,None,0,25,0,25,0,41.0611772,,,,,,,,,,41.0456667,41.0611772,42.0609135,42.0609135,42.6114841,down,0,0.5404908,None,0,,,,,,,,participant1,1,2026-09-28_16h23.20.461,Orientation Discrimination Task,,2026.2.3,59.94668342,2026-09-28 16h23.20.709668 +0530
26,0,26,down,0,0.4001034,None,0,26,0,26,0,42.6275126,,,,,,,,,,42.6118695,42.6275126,43.6109869,43.6274478,44.0279778,down,0,0.4001034,None,0,,,,,,,,participant1,1,2026-09-28_16h23.20.461,Orientation Discrimination Task,,2026.2.3,59.94668342,2026-09-28 16h23.20.709668 +0530
27,0,27,down,0,0.6059898,None,0,27,0,27,0,44.0439858,,,,,,,,,,44.0284434,44.0439858,45.0272437,45.04387,45.6443045,down,0,0.6059898,None,0,,,,,,,,participant1,1,2026-09-28_16h23.20.461,Orientation Discrimination Task,,2026.2.3,59.94668342,2026-09-28 16h23.20.709668 +0530
28,0,28,down,0,0.3760273,None,0,28,0,28,0,45.66058,,,,,,,,,,45.6447108,45.66058,46.64375,46.6602169,47.0275268,down,0,0.3760273,None,0,,,,,,,,participant1,1,2026-09-28_16h23.20.461,Orientation Discrimination Task,,2026.2.3,59.94668342,2026-09-28 16h23.20.709668 +0530
29,0,29,down,1,0.4090099,None,-2,29,0,29,0,47.0438235,,,,,,,,,,47.0284964,47.0438235,48.0435082,48.0435082,48.4606508,down,1,0.4090099,None,-2,,,,,,,,participant1,1,2026-09-28_16h23.20.461,Orientation Discrimination Task,,2026.2.3,59.94668342,2026-09-28 16h23.20.709668 +0530
30,0,30,down,1,0.4729266,None,2,30,0,30,0,48.4767292,,,,,,,,,,48.4611303,48.4767292,49.4761668,49.4761668,49.9598167,down,1,0.4729266,None,2,,,,,,,,participant1,1,2026-09-28_16h23.20.461,Orientation Discrimination Task,,2026.2.3,59.94668342,2026-09-28 16h23.20.709668 +0530
31,0,31,down,0,0.5947281,None,0,31,0,31,0,49.9761341,,,,,,,,,,49.9600368,49.9761341,50.9593905,50.9759074,51.5603699,down,0,0.5947281,None,0,,,,,,,,participant1,1,2026-09-28_16h23.20.461,Orientation Discrimination Task,,2026.2.3,59.94668342,2026-09-28 16h23.20.709668 +0530
32,0,32,down,1,0.7327594,None,4,32,0,32,0,51.5775545,,,,,,,,,,51.5605761,51.5775545,52.5760221,52.5926927,53.3095323,down,1,0.7327594,None,4,,,,,,,,participant1,1,2026-09-28_16h23.20.461,Orientation Discrimination Task,,2026.2.3,59.94668342,2026-09-28 16h23.20.709668 +0530
33,0,33,up,0,0.7003858,None,3,33,0,33,0,53.3259524,,,,,,,,,,53.3097464,53.3259524,54.3093658,54.3258826,55.0264177,up,0,0.7003858,None,3,,,,,,,,participant1,1,2026-09-28_16h23.20.461,Orientation Discrimination Task,,2026.2.3,59.94668342,2026-09-28 16h23.20.709668 +0530
34,0,34,up,1,0.5426795,None,0,34,0,34,0,55.042547,,,,,,,,,,55.026811,55.042547,56.0257732,56.04247,56.5762753,up,1,0.5426795,None,0,,,,,,,,participant1,1,2026-09-28_16h23.20.461,Orientation Discrimination Task,,2026.2.3,59.94668342,2026-09-28 16h23.20.709668 +0530
35,0,35,up,0,0.3691502,None,4,35,0,35,0,56.5924808,,,,,,,,,,56.5766979,56.5924808,57.5918627,57.5918627,57.9763505,up,0,0.3691502,None,4,,,,,,,,participant1,1,2026-09-28_16h23.20.461,Orientation Discrimination Task,,2026.2.3,59.94668342,2026-09-28 16h23.20.709668 +0530
36,0,36,down,1,0.5430729,None,-2,36,0,36,0,57.9922321,,,,,,,,,,57.9768307,57.9922321,58.9920476,58.9920476,59.5426891,down,1,0.5430729,None,-2,,,,,,,,participant1,1,2026-09-28_16h23.20.461,Orientation Discrimination Task,,2026.2.3,59.94668342,2026-09-28 16h23.20.709668 +0530
37,0,37,down,1,0.5520024,None,4,37,0,37,0,59.5587509,,,,,,,,,,59.5431309,59.5587509,60.5418265,60.5585635,61.1090693,down,1,0.5520024,None,4,,,,,,,,participant1,1,2026-09-28_16h23.20.461,Orientation Discrimination Task,,2026.2.3,59.94668342,2026-09-28 16h23.20.709668 +0530
38,0,38,down,1,0.4262811,None,-2,38,0,38,0,61.1251865,,,,,,,,,,61.1095558,61.1251865,62.1083058,62.1248385,62.5421512,down,1,0.4262811,None,-2,,,,,,,,participant1,1,2026-09-28_16h23.20.461,Orientation Discrimination Task,,2026.2.3,59.94668342,2026-09-28 16h23.20.709668 +0530
39,0,39,down,0,0.3907337,None,0,39,0,39,0,62.5582452,,,,,,,,,,62.5425476,62.5582452,63.5414667,63.5580043,63.9418776,down,0,0.3907337,None,0,,,,,,,,participant1,1,2026-09-28_16h23.20.461,Orientation Discrimination Task,,2026.2.3,59.94668342,2026-09-28 16h23.20.709668 +0530
40,0,40,down,1,0.3891405,None,-2,40,0,40,0,63.9581243,,,,,,,,,,63.9423455,63.9581243,64.9412724,64.958101,65.3418561,down,1,0.3891405,None,-2,,,,,,,,participant1,1,2026-09-28_16h23.20.461,Orientation Discrimination Task,,2026.2.3,59.94668342,2026-09-28 16h23.20.709668 +0530
41,0,41,down,0,0.3967089,None,0,41,0,41,0,65.3578867,,,,,,,,,,65.3422389,65.3578867,66.3412068,66.3578832,66.7416163,down,0,0.3967089,None,0,,,,,,,,participant1,1,2026-09-28_16h23.20.461,Orientation Discrimination Task,,2026.2.3,59.94668342,2026-09-28 16h23.20.709668 +0530
42,0,42,up,0,0.7175327,None,2,42,0,42,0,66.7576073,,,,,,,,,,66.7420441,66.7576073,67.7408768,67.7575059,68.4747661,up,0,0.7175327,None,2,,,,,,,,participant1,1,2026-09-28_16h23.20.461,Orientation Discrimination Task,,2026.2.3,59.94668342,2026-09-28 16h23.20.709668 +0530
43,0,43,up,1,0.3924655,None,0,43,0,43,0,68.490811,,,,,,,,,,68.4751909,68.490811,69.4739155,69.4908191,69.8746198,up,1,0.3924655,None,0,,,,,,,,participant1,1,2026-09-28_16h23.20.461,Orientation Discrimination Task,,2026.2.3,59.94668342,2026-09-28 16h23.20.709668 +0530
44,0,44,up,1,0.4339258,None,0,44,0,44,0,69.8906652,,,,,,,,,,69.8750961,69.8906652,70.8738038,70.8904657,71.3245557,up,1,0.4339258,None,0,,,,,,,,participant1,1,2026-09-28_16h23.20.461,Orientation Discrimination Task,,2026.2.3,59.94668342,2026-09-28 16h23.20.709668 +0530
45,0,45,down,0,0.5025046,None,0,45,0,45,0,71.3403913,,,,,,,,,,71.3249633,71.3403913,72.3401468,72.3401468,72.8576518,down,0,0.5025046,None,0,,,,,,,,participant1,1,2026-09-28_16h23.20.461,Orientation Discrimination Task,,2026.2.3,59.94668342,2026-09-28 16h23.20.709668 +0530
46,0,46,down,1,0.455722,None,4,46,0,46,0,72.8734844,,,,,,,,,,72.8581446,72.8734844,73.8734825,73.8734825,74.3406539,down,1,0.455722,None,4,,,,,,,,participant1,1,2026-09-28_16h23.20.461,Orientation Discrimination Task,,2026.2.3,59.94668342,2026-09-28 16h23.20.709668 +0530
47,0,47,down,0,0.4800314,None,0,47,0,47,0,74.3567236,,,,,,,,,,74.3410471,74.3567236,75.3398881,75.3565458,75.8237757,down,0,0.4800314,None,0,,,,,,,,participant1,1,2026-09-28_16h23.20.461,Orientation Discrimination Task,,2026.2.3,59.94668342,2026-09-28 16h23.20.709668 +0530
48,0,48,down,0,0.3816174,None,0,48,0,48,0,75.8396646,,,,,,,,,,75.8241671,75.8396646,76.8230535,76.8402114,77.2070947,down,0,0.3816174,None,0,,,,,,,,participant1,1,2026-09-28_16h23.20.461,Orientation Discrimination Task,,2026.2.3,59.94668342,2026-09-28 16h23.20.709668 +0530
49,0,49,down,0,0.4215426,None,0,49,0,49,0,77.2231025,,,,,,,,,,77.2075168,77.2231025,78.2061391,78.2228832,78.6399657,down,0,0.4215426,None,0,,,,,,,,participant1,1,2026-09-28_16h23.20.461,Orientation Discrimination Task,,2026.2.3,59.94668342,2026-09-28 16h23.20.709668 +0530
50,0,50,down,0,0.385292,None,0,50,0,50,0,78.6560187,,,,,,,,,,78.6403691,78.6560187,79.639325,79.6559223,80.0399536,down,0,0.385292,None,0,,,,,,,,participant1,1,2026-09-28_16h23.20.461,Orientation Discrimination Task,,2026.2.3,59.94668342,2026-09-28 16h23.20.709668 +0530
51,0,51,down,1,0.3618993,None,4,51,0,51,0,80.0559525,,,,,,,,,,80.0404205,80.0559525,81.0558979,81.0558979,81.4228635,down,1,0.3618993,None,4,,,,,,,,participant1,1,2026-09-28_16h23.20.461,Orientation Discrimination Task,,2026.2.3,59.94668342,2026-09-28 16h23.20.709668 +0530
52,0,52,down,0,0.3359097,None,0,52,0,52,0,81.4392191,,,,,,,,,,81.4231682,81.4392191,82.422284,82.4388861,82.7729616,down,0,0.3359097,None,0,,,,,,,,participant1,1,2026-09-28_16h23.20.461,Orientation Discrimination Task,,2026.2.3,59.94668342,2026-09-28 16h23.20.709668 +0530
53,0,53,down,0,0.3599855,None,0,53,0,53,0,82.7890292,,,,,,,,,,82.7734246,82.7890292,83.7722437,83.7888502,84.1393139,down,0,0.3599855,None,0,,,,,,,,participant1,1,2026-09-28_16h23.20.461,Orientation Discrimination Task,,2026.2.3,59.94668342,2026-09-28 16h23.20.709668 +0530
54,0,54,down,0,0.5189309,None,0,54,0,54,0,84.155301,,,,,,,,,,84.1397276,84.155301,85.1385198,85.1552809,85.672625,down,0,0.5189309,None,0,,,,,,,,participant1,1,2026-09-28_16h23.20.461,Orientation Discrimination Task,,2026.2.3,59.94668342,2026-09-28 16h23.20.709668 +0530
55,0,55,down,1,0.4230669,None,1,55,0,55,0,85.6885142,,,,,,,,,,85.6731436,85.6885142,86.6715676,86.6882136,87.1055873,down,1,0.4230669,None,1,,,,,,,,participant1,1,2026-09-28_16h23.20.461,Orientation Discrimination Task,,2026.2.3,59.94668342,2026-09-28 16h23.20.709668 +0530
56,0,56,down,1,0.4181484,None,1,56,0,56,0,87.1218038,,,,,,,,,,87.1060613,87.1218038,88.1049209,88.1216164,88.5387992,down,1,0.4181484,None,1,,,,,,,,participant1,1,2026-09-28_16h23.20.461,Orientation Discrimination Task,,2026.2.3,59.94668342,2026-09-28 16h23.20.709668 +0530
57,0,57,down,0,0.4061937,None,0,57,0,57,0,88.5548089,,,,,,,,,,88.5392036,88.5548089,89.5381097,89.5547849,89.9553262,down,0,0.4061937,None,0,,,,,,,,participant1,1,2026-09-28_16h23.20.461,Orientation Discrimination Task,,2026.2.3,59.94668342,2026-09-28 16h23.20.709668 +0530
58,0,58,up,0,0.751516,None,-3,58,0,58,0,89.9714284,,,,,,,,,,89.9557691,89.9714284,90.9546371,90.9711643,91.7218296,up,0,0.751516,None,-3,,,,,,,,participant1,1,2026-09-28_16h23.20.461,Orientation Discrimination Task,,2026.2.3,59.94668342,2026-09-28 16h23.20.709668 +0530
59,0,59,up,1,0.4527194,None,0,59,0,59,0,91.7378624,,,,,,,,,,91.7222758,91.7378624,92.7377195,92.7377195,93.20438,up,1,0.4527194,None,0,,,,,,,,participant1,1,2026-09-28_16h23.20.461,Orientation Discrimination Task,,2026.2.3,59.94668342,2026-09-28 16h23.20.709668 +0530
60,0,60,up,1,0.4610822,None,0,60,0,60,0,93.2204717,,,,,,,,,,93.2045772,93.2204717,94.2040823,94.2209373,94.6713956,up,1,0.4610822,None,0,,,,,,,,participant1,1,2026-09-28_16h23.20.461,Orientation Discrimination Task,,2026.2.3,59.94668342,2026-09-28 16h23.20.709668 +0530
61,0,61,down,1,0.6378111,None,-5,61,0,61,0,94.6874134,,,,,,,,,,94.6718708,94.6874134,95.6873657,95.6873657,96.3380664,down,1,0.6378111,None,-5,,,,,,,,participant1,1,2026-09-28_16h23.20.461,Orientation Discrimination Task,,2026.2.3,59.94668342,2026-09-28 16h23.20.709668 +0530
62,0,62,down,1,0.5584201,None,-5,62,0,62,0,96.3536321,,,,,,,,,,96.3385281,96.3536321,97.3536585,97.3536585,97.9208731,down,1,0.5584201,None,-5,,,,,,,,participant1,1,2026-09-28_16h23.20.461,Orientation Discrimination Task,,2026.2.3,59.94668342,2026-09-28 16h23.20.709668 +0530
63,0,63,down,0,0.5638403,None,0,63,0,63,0,97.937081,,,,,,,,,,97.9212637,97.937081,98.9201635,98.9368871,99.4874005,down,0,0.5638403,None,0,,,,,,,,participant1,1,2026-09-28_16h23.20.461,Orientation Discrimination Task,,2026.2.3,59.94668342,2026-09-28 16h23.20.709668 +0530
64,0,64,up,1,0.5377273,None,0,64,0,64,0,99.5033897,,,,,,,,,,99.4877894,99.5033897,100.4867756,100.5029825,101.0371276,up,1,0.5377273,None,0,,,,,,,,participant1,1,2026-09-28_16h23.20.461,Orientation Discrimination Task,,2026.2.3,59.94668342,2026-09-28 16h23.20.709668 +0530
65,0,65,up,1,0.5331858,None,0,65,0,65,0,101.0533195,,,,,,,,,,101.0375133,101.0533195,102.0529576,102.0529576,102.6037554,up,1,0.5331858,None,0,,,,,,,,participant1,1,2026-09-28_16h23.20.461,Orientation Discrimination Task,,2026.2.3,59.94668342,2026-09-28 16h23.20.709668 +0530
66,0,66,up,0,0.4337705,None,-3,66,0,66,0,102.6196871,,,,,,,,,,102.604202,102.6196871,103.6029885,103.6195929,104.0535903,up,0,0.4337705,None,-3,,,,,,,,participant1,1,2026-09-28_16h23.20.461,Orientation Discrimination Task,,2026.2.3,59.94668342,2026-09-28 16h23.20.709668 +0530
67,0,67,up,1,0.5694249,None,0,67,0,67,0,104.0694335,,,,,,,,,,104.0539934,104.0694335,105.0526218,105.0693613,105.636587,up,1,0.5694249,None,0,,,,,,,,participant1,1,2026-09-28_16h23.20.461,Orientation Discrimination Task,,2026.2.3,59.94668342,2026-09-28 16h23.20.709668 +0530
68,0,68,down,0,0.7047865,None,0,68,0,68,0,105.6525018,,,,,,,,,,105.6371308,105.6525018,106.6524354,106.6524354,107.3697565,down,0,0.7047865,None,0,,,,,,,,participant1,1,2026-09-28_16h23.20.461,Orientation Discrimination Task,,2026.2.3,59.94668342,2026-09-28 16h23.20.709668 +0530
69,0,69,down,1,0.4960831,None,3,69,0,69,0,107.3857814,,,,,,,,,,107.370415,107.3857814,108.3856499,108.3856499,108.8862092,down,1,0.4960831,None,3,,,,,,,,participant1,1,2026-09-28_16h23.20.461,Orientation Discrimination Task,,2026.2.3,59.94668342,2026-09-28 16h23.20.709668 +0530
70,0,70,down,0,0.5300282,None,0,70,0,70,0,108.9021969,,,,,,,,,,108.8867775,108.9021969,109.9021915,109.9021915,110.435923,down,0,0.5300282,None,0,,,,,,,,participant1,1,2026-09-28_16h23.20.461,Orientation Discrimination Task,,2026.2.3,59.94668342,2026-09-28 16h23.20.709668 +0530
71,0,71,down,0,0.3870834,None,0,71,0,71,0,110.4517845,,,,,,,,,,110.4362611,110.4517845,111.4352595,111.4516366,111.8350007,down,0,0.3870834,None,0,,,,,,,,participant1,1,2026-09-28_16h23.20.461,Orientation Discrimination Task,,2026.2.3,59.94668342,2026-09-28 16h23.20.709668 +0530
72,0,72,down,1,0.6312031,None,1,72,0,72,0,111.8513386,,,,,,,,,,111.8352724,111.8513386,112.8346929,112.8515261,113.4688229,down,1,0.6312031,None,1,,,,,,,,participant1,1,2026-09-28_16h23.20.461,Orientation Discrimination Task,,2026.2.3,59.94668342,2026-09-28 16h23.20.709668 +0530
73,0,73,down,1,0.4762989,None,-2,73,0,73,0,113.4848345,,,,,,,,,,113.4692859,113.4848345,114.4682442,114.4846632,114.9520652,down,1,0.4762989,None,-2,,,,,,,,participant1,1,2026-09-28_16h23.20.461,Orientation Discrimination Task,,2026.2.3,59.94668342,2026-09-28 16h23.20.709668 +0530
74,0,74,down,0,0.446613,None,0,74,0,74,0,114.9681341,,,,,,,,,,114.952422,114.9681341,115.9512685,115.9678057,116.4016987,down,0,0.446613,None,0,,,,,,,,participant1,1,2026-09-28_16h23.20.461,Orientation Discrimination Task,,2026.2.3,59.94668342,2026-09-28 16h23.20.709668 +0530
75,0,75,down,0,0.540755,None,0,75,0,75,0,116.4178333,,,,,,,,,,116.4020779,116.4178333,117.4010808,117.417762,117.9520586,down,0,0.540755,None,0,,,,,,,,participant1,1,2026-09-28_16h23.20.461,Orientation Discrimination Task,,2026.2.3,59.94668342,2026-09-28 16h23.20.709668 +0530
76,0,76,down,0,0.5353763,None,0,76,0,76,0,117.9676397,,,,,,,,,,117.9522485,117.9676397,118.9674847,118.9674847,119.5182333,down,0,0.5353763,None,0,,,,,,,,participant1,1,2026-09-28_16h23.20.461,Orientation Discrimination Task,,2026.2.3,59.94668342,2026-09-28 16h23.20.709668 +0530
77,0,77,down,1,0.4769495,None,-2,77,0,77,0,119.5341989,,,,,,,,,,119.5186845,119.5341989,120.5340994,120.5340994,121.0178244,down,1,0.4769495,None,-2,,,,,,,,participant1,1,2026-09-28_16h23.20.461,Orientation Discrimination Task,,2026.2.3,59.94668342,2026-09-28 16h23.20.709668 +0530
78,0,78,down,0,0.3631102,None,0,78,0,78,0,121.0340499,,,,,,,,,,121.01823,121.0340499,122.0170187,122.0337896,122.3844309,down,0,0.3631102,None,0,,,,,,,,participant1,1,2026-09-28_16h23.20.461,Orientation Discrimination Task,,2026.2.3,59.94668342,2026-09-28 16h23.20.709668 +0530
79,0,79,down,1,0.363052,None,1,79,0,79,0,122.4005189,,,,,,,,,,122.3848812,122.4005189,123.3837648,123.4002961,123.7507228,down,1,0.363052,None,1,,,,,,,,participant1,1,2026-09-28_16h23.20.461,Orientation Discrimination Task,,2026.2.3,59.94668342,2026-09-28 16h23.20.709668 +0530
80,0,80,up,0,0.5675806,None,2,80,0,80,0,123.7669102,,,,,,,,,,123.751154,123.7669102,124.7501997,124.7666411,125.3340321,up,0,0.5675806,None,2,,,,,,,,participant1,1,2026-09-28_16h23.20.461,Orientation Discrimination Task,,2026.2.3,59.94668342,2026-09-28 16h23.20.709668 +0530
81,0,81,down,1,0.5550207,None,-4,81,0,81,0,125.3500612,,,,,,,,,,125.3344751,125.3500612,126.3332271,126.3498467,126.9007228,down,1,0.5550207,None,-4,,,,,,,,participant1,1,2026-09-28_16h23.20.461,Orientation Discrimination Task,,2026.2.3,59.94668342,2026-09-28 16h23.20.709668 +0530
82,0,82,down,0,0.4196172,None,0,82,0,82,0,126.9164682,,,,,,,,,,126.901136,126.9164682,127.9164741,127.9164741,128.3504391,down,0,0.4196172,None,0,,,,,,,,participant1,1,2026-09-28_16h23.20.461,Orientation Discrimination Task,,2026.2.3,59.94668342,2026-09-28 16h23.20.709668 +0530
83,0,83,down,0,0.4568637,None,0,83,0,83,0,128.3662266,,,,,,,,,,128.3511167,128.3662266,129.3494515,129.3660744,129.8166091,down,0,0.4568637,None,0,,,,,,,,participant1,1,2026-09-28_16h23.20.461,Orientation Discrimination Task,,2026.2.3,59.94668342,2026-09-28 16h23.20.709668 +0530
84,0,84,down,1,0.3557095,None,-2,84,0,84,0,129.8327532,,,,,,,,,,129.8171217,129.8327532,130.8161018,130.8325837,131.1833555,down,1,0.3557095,None,-2,,,,,,,,participant1,1,2026-09-28_16h23.20.461,Orientation Discrimination Task,,2026.2.3,59.94668342,2026-09-28 16h23.20.709668 +0530
85,0,85,down,1,0.3505644,None,2,85,0,85,0,131.1992917,,,,,,,,,,131.1838164,131.1992917,132.1825571,132.1991206,132.5497502,down,1,0.3505644,None,2,,,,,,,,participant1,1,2026-09-28_16h23.20.461,Orientation Discrimination Task,,2026.2.3,59.94668342,2026-09-28 16h23.20.709668 +0530
86,0,86,down,0,0.4174483,None,0,86,0,86,0,132.5657278,,,,,,,,,,132.550132,132.5657278,133.5489938,133.5655768,133.9830383,down,0,0.4174483,None,0,,,,,,,,participant1,1,2026-09-28_16h23.20.461,Orientation Discrimination Task,,2026.2.3,59.94668342,2026-09-28 16h23.20.709668 +0530
87,0,87,down,0,0.3140793,None,0,87,0,87,0,133.998897,,,,,,,,,,133.9834455,133.998897,134.9819883,134.9986903,135.2994959,down,0,0.3140793,None,0,,,,,,,,participant1,1,2026-09-28_16h23.20.461,Orientation Discrimination Task,,2026.2.3,59.94668342,2026-09-28 16h23.20.709668 +0530
88,0,88,down,1,0.3888655,None,4,88,0,88,0,135.3152966,,,,,,,,,,135.2999277,135.3152966,136.3152907,136.3152907,136.715908,down,1,0.3888655,None,4,,,,,,,,participant1,1,2026-09-28_16h23.20.461,Orientation Discrimination Task,,2026.2.3,59.94668342,2026-09-28 16h23.20.709668 +0530
89,0,89,down,1,0.5817083,None,-3,89,0,89,0,136.7319032,,,,,,,,,,136.7163934,136.7319032,137.7317745,137.7317745,138.3156355,down,1,0.5817083,None,-3,,,,,,,,participant1,1,2026-09-28_16h23.20.461,Orientation Discrimination Task,,2026.2.3,59.94668342,2026-09-28 16h23.20.709668 +0530
90,0,90,down,1,1.5288633,None,-2,90,0,90,0,138.3316444,,,,,,,,,,138.3160791,138.3316444,139.3148399,139.3314582,140.8485786,down,1,1.5288633,None,-2,,,,,,,,participant1,1,2026-09-28_16h23.20.461,Orientation Discrimination Task,,2026.2.3,59.94668342,2026-09-28 16h23.20.709668 +0530
91,0,91,up,1,0.705322,None,0,91,0,91,0,140.864524,,,,,,,,,,140.8489762,140.864524,141.8479618,141.8645481,142.5650086,up,1,0.705322,None,0,,,,,,,,participant1,1,2026-09-28_16h23.20.461,Orientation Discrimination Task,,2026.2.3,59.94668342,2026-09-28 16h23.20.709668 +0530
92,0,92,up,0,0.4463139,None,-3,92,0,92,0,142.5812508,,,,,,,,,,142.5654651,142.5812508,143.5641874,143.5808418,144.0148515,up,0,0.4463139,None,-3,,,,,,,,participant1,1,2026-09-28_16h23.20.461,Orientation Discrimination Task,,2026.2.3,59.94668342,2026-09-28 16h23.20.709668 +0530
93,0,93,down,1,0.5391918,None,3,93,0,93,0,144.0307238,,,,,,,,,,144.0153018,144.0307238,145.0141009,145.0307879,145.5649428,down,1,0.5391918,None,3,,,,,,,,participant1,1,2026-09-28_16h23.20.461,Orientation Discrimination Task,,2026.2.3,59.94668342,2026-09-28 16h23.20.709668 +0530
94,0,94,up,1,0.8081302,None,0,94,0,94,0,145.5805785,,,,,,,,,,145.5654639,145.5805785,146.5636989,146.5805824,147.3810968,up,1,0.8081302,None,0,,,,,,,,participant1,1,2026-09-28_16h23.20.461,Orientation Discrimination Task,,2026.2.3,59.94668342,2026-09-28 16h23.20.709668 +0530
95,0,95,down,0,0.4019588,None,0,95,0,95,0,147.39721,,,,,,,,,,147.381515,147.39721,148.3802953,148.3969862,148.7977928,down,0,0.4019588,None,0,,,,,,,,participant1,1,2026-09-28_16h23.20.461,Orientation Discrimination Task,,2026.2.3,59.94668342,2026-09-28 16h23.20.709668 +0530
96,0,96,up,0,0.4975024,None,-4,96,0,96,0,148.8137046,,,,,,,,,,148.798261,148.8137046,149.8135743,149.8135743,150.3139054,up,0,0.4975024,None,-4,,,,,,,,participant1,1,2026-09-28_16h23.20.461,Orientation Discrimination Task,,2026.2.3,59.94668342,2026-09-28 16h23.20.709668 +0530
97,0,97,up,1,0.5024772,None,0,97,0,97,0,150.3300942,,,,,,,,,,150.3143119,150.3300942,151.313256,151.3298725,151.8305466,up,1,0.5024772,None,0,,,,,,,,participant1,1,2026-09-28_16h23.20.461,Orientation Discrimination Task,,2026.2.3,59.94668342,2026-09-28 16h23.20.709668 +0530
98,0,98,down,0,0.4054695,None,0,98,0,98,0,151.8463181,,,,,,,,,,151.8310123,151.8463181,152.8298097,152.8463992,153.2468913,down,0,0.4054695,None,0,,,,,,,,participant1,1,2026-09-28_16h23.20.461,Orientation Discrimination Task,,2026.2.3,59.94668342,2026-09-28 16h23.20.709668 +0530
99,0,99,down,1,0.4769938,None,4,99,0,99,0,153.2631338,,,,,,,,,,153.2473859,153.2631338,154.2462876,154.2629892,154.7301812,down,1,0.4769938,None,4,,,,,,,,participant1,1,2026-09-28_16h23.20.461,Orientation Discrimination Task,,2026.2.3,59.94668342,2026-09-28 16h23.20.709668 +0530
,,,,,,,,,,,,,,,,,,,,,,,,,,,,,,,,154.7304807,154.746129,154.746129,155.8634228,space,1.1119228,None,participant1,1,2026-09-28_16h23.20.461,Orientation Discrimination Task,,2026.2.3,59.94668342,2026-09-28 16h23.20.709668 +0530
